sep=	
Project Name:	C:\SharedFolder\CControl_Lite\PLC\CControl_Lite.plcprj
Export Date/Time:	2026/06/18 13:59:45
RowType	Name	Type	ElementType	Dimensions	InitialValue	RetentiveEnabled	FolderName	BindType	BindObject	BindField	BindIsArray	BindValue	BindDirection	BindConverter	HasInputRange	MinValue	MaxValue	Target	Source	AddressEnabled	Address	HasBinding	VariableLength	NumberOfBytes	StringEncode	HasAlarm	AlarmType	HiHiThresholdState	HiHiThreshold	HiHiThresholdValue	HiHiThresholdDeadBand	HiHiThresholdAlarmGroup	HiHiThresholdMessageMode	HiHiThresholdMessage	HiHiThresholdSeverity	HiHiThresholdParameter	HiThresholdState	HiThreshold	HiThresholdValue	HiThresholdDeadBand	HiThresholdAlarmGroup	HiThresholdMessageMode	HiThresholdMessage	HiThresholdSeverity	HiThresholdParameter	LoThresholdState	LoThreshold	LoThresholdValue	LoThresholdDeadBand	LoThresholdAlarmGroup	LoThresholdMessageMode	LoThresholdMessage	LoThresholdSeverity	LoThresholdParameter	LoloThresholdState	LoloThreshold	LoloThresholdValue	LoloThresholdDeadBand	LoloThresholdAlarmGroup	LoloThresholdMessageMode	LoloThresholdMessage	LoloThresholdSeverity	LoloThresholdParameter	ThresholdState	ThresholdType	ThresholdCondition	ThresholdAlarmGroup	ThresholdMessageMode	ThresholdMessage	ThresholdSeverity	ThresholdParameter	DataSharing	LoggingGroup	Comments	
Variable	CControl_Lite_Ausstattung_Box2	BOOL				False												HMIDT542+HMIG3U	CControl_Lite	False	="416384,00"	False	False										Direct									Direct									Direct									Direct									Direct			None		
Variable	CControl_Lite_Ausstattung_SensorFrischluft	BOOL				False												HMIDT542+HMIG3U	CControl_Lite	False	="416385,00"	False	False										Direct									Direct									Direct									Direct									Direct			None		
Variable	CControl_Lite_Ausstattung_SensorAbluftBox1	BOOL				False												HMIDT542+HMIG3U	CControl_Lite	False	="416386,00"	False	False										Direct									Direct									Direct									Direct									Direct			None		
Variable	CControl_Lite_Ausstattung_SensorAbluftBox2	BOOL				False												HMIDT542+HMIG3U	CControl_Lite	False	="416387,00"	False	False										Direct									Direct									Direct									Direct									Direct			None		
Variable	CControl_Lite_Ausstattung_SensorTrockenluft	BOOL				False												HMIDT542+HMIG3U	CControl_Lite	False	="416388,00"	False	False										Direct									Direct									Direct									Direct									Direct			None		
Variable	CControl_Lite_Ausstattung_SensorStocktemp	BOOL				False												HMIDT542+HMIG3U	CControl_Lite	False	="416389,00"	False	False										Direct									Direct									Direct									Direct									Direct			None		
Variable	CControl_Lite_Sensoren_FilterzeitFrischluft	UINT				False												HMIDT542+HMIG3U	CControl_Lite	False	="416390"	False	False										Direct									Direct									Direct									Direct									Direct			None		
Variable	CControl_Lite_Sensoren_FilterzeitAbluft	UINT				False												HMIDT542+HMIG3U	CControl_Lite	False	="416391"	False	False										Direct									Direct									Direct									Direct									Direct			None		
Variable	CControl_Lite_Sensoren_FrischlTempMessberMin	REAL				False												HMIDT542+HMIG3U	CControl_Lite	False	="416392"	False	False										Direct									Direct									Direct									Direct									Direct			None		
Variable	CControl_Lite_Sensoren_FrischlTempMessberMax	REAL				False												HMIDT542+HMIG3U	CControl_Lite	False	="416394"	False	False										Direct									Direct									Direct									Direct									Direct			None		
Variable	CControl_Lite_Sensoren_AbluftTempMessberMin	REAL				False												HMIDT542+HMIG3U	CControl_Lite	False	="416396"	False	False										Direct									Direct									Direct									Direct									Direct			None		
Variable	CControl_Lite_Sensoren_AbluftTempMessberMax	REAL				False												HMIDT542+HMIG3U	CControl_Lite	False	="416398"	False	False										Direct									Direct									Direct									Direct									Direct			None		
Variable	CControl_Lite_Sensoren_AbluftFeuchtMessberMin	REAL				False												HMIDT542+HMIG3U	CControl_Lite	False	="416400"	False	False										Direct									Direct									Direct									Direct									Direct			None		
Variable	CControl_Lite_Sensoren_AbluftFeuchtMessberMax	REAL				False												HMIDT542+HMIG3U	CControl_Lite	False	="416402"	False	False										Direct									Direct									Direct									Direct									Direct			None		
Variable	CControl_Lite_Sensoren_TrockenlTempMessberMin	REAL				False												HMIDT542+HMIG3U	CControl_Lite	False	="416404"	False	False										Direct									Direct									Direct									Direct									Direct			None		
Variable	CControl_Lite_Sensoren_TrockenlTempMessberMax	REAL				False												HMIDT542+HMIG3U	CControl_Lite	False	="416406"	False	False										Direct									Direct									Direct									Direct									Direct			None		
Variable	CControl_Lite_Sensoren_TrockenlFeuchtMessberMin	REAL				False												HMIDT542+HMIG3U	CControl_Lite	False	="416408"	False	False										Direct									Direct									Direct									Direct									Direct			None		
Variable	CControl_Lite_Sensoren_TrockenlFeuchtMessberMax	REAL				False												HMIDT542+HMIG3U	CControl_Lite	False	="416410"	False	False										Direct									Direct									Direct									Direct									Direct			None		
Variable	CControl_Lite_Sensoren_OffsetFrischluftTemp	REAL				False												HMIDT542+HMIG3U	CControl_Lite	False	="416412"	False	False										Direct									Direct									Direct									Direct									Direct			None		
Variable	CControl_Lite_Sensoren_OffsetFrischluftFeuchte	REAL				False												HMIDT542+HMIG3U	CControl_Lite	False	="416414"	False	False										Direct									Direct									Direct									Direct									Direct			None		
Variable	CControl_Lite_Sensoren_OffsetAbluftBox1Temp	REAL				False												HMIDT542+HMIG3U	CControl_Lite	False	="416416"	False	False										Direct									Direct									Direct									Direct									Direct			None		
Variable	CControl_Lite_Sensoren_OffsetAbluftBox1Feuchte	REAL				False												HMIDT542+HMIG3U	CControl_Lite	False	="416418"	False	False										Direct									Direct									Direct									Direct									Direct			None		
Variable	CControl_Lite_Sensoren_OffsetAbluftBox2Temp	REAL				False												HMIDT542+HMIG3U	CControl_Lite	False	="416420"	False	False										Direct									Direct									Direct									Direct									Direct			None		
Variable	CControl_Lite_Sensoren_OffsetAbluftBox2Feuchte	REAL				False												HMIDT542+HMIG3U	CControl_Lite	False	="416422"	False	False										Direct									Direct									Direct									Direct									Direct			None		
Variable	CControl_Lite_Sensoren_OffsetTrockenluftTemp	REAL				False												HMIDT542+HMIG3U	CControl_Lite	False	="416424"	False	False										Direct									Direct									Direct									Direct									Direct			None		
Variable	CControl_Lite_Sensoren_OffsetTrockenluftFeuchte	REAL				False												HMIDT542+HMIG3U	CControl_Lite	False	="416426"	False	False										Direct									Direct									Direct									Direct									Direct			None		
Variable	CControl_Lite_Sensoren_OffsetStocktemp	REAL				False												HMIDT542+HMIG3U	CControl_Lite	False	="416428"	False	False										Direct									Direct									Direct									Direct									Direct			None		
Variable	CControl_Lite_Ausstattung_Abluftventilator	BOOL				False												HMIDT542+HMIG3U	CControl_Lite	False	="416430,00"	False	False										Direct									Direct									Direct									Direct									Direct			None		
Variable	CControl_Lite_Sensoren_FrischlFeuchteMessberMin	REAL				False												HMIDT542+HMIG3U	CControl_Lite	False	="416431"	False	False										Direct									Direct									Direct									Direct									Direct			None		
Variable	CControl_Lite_Sensoren_FrischlFeuchteMessberMax	REAL				False												HMIDT542+HMIG3U	CControl_Lite	False	="416433"	False	False										Direct									Direct									Direct									Direct									Direct			None		
Variable	CControl_Lite_Ausstattung_EndlagenVhdBoxenklappe1	BOOL				False												HMIDT542+HMIG3U	CControl_Lite	False	="416435,00"	False	False										Direct									Direct									Direct									Direct									Direct			None		
Variable	CControl_Lite_Ausstattung_EndlagenVhdBoxenklappe2	BOOL				False												HMIDT542+HMIG3U	CControl_Lite	False	="416436,00"	False	False										Direct									Direct									Direct									Direct									Direct			None		
Variable	CControl_Lite_Klappen_Boxen_Box1_Laufzeit	UDINT				False												HMIDT542+HMIG3U	CControl_Lite	False	="416437"	False	False										Direct									Direct									Direct									Direct									Direct			None		
Variable	CControl_Lite_Klappen_Boxen_Box2_Laufzeit	UDINT				False												HMIDT542+HMIG3U	CControl_Lite	False	="416439"	False	False										Direct									Direct									Direct									Direct									Direct			None		
Variable	CControl_Lite_Konfig_idNameSteuerung	UINT				False												HMIDT542+HMIG3U	CControl_Lite	False	="416441"	False	False										Direct									Direct									Direct									Direct									Direct			None		
Variable	CControl_Lite_Ausstattung_EntfeuchterTyp	STRING				False												HMIDT542+HMIG3U	CControl_Lite	False	="416442"	False	False	31									Direct									Direct									Direct									Direct									Direct			None		
Variable	CControl_Lite_Konfig_SoftwareVersionPLC	STRING				False												HMIDT542+HMIG3U	CControl_Lite	False	="416458"	False	False	31									Direct									Direct									Direct									Direct									Direct			None		
Variable	CControl_Lite_Para_Allg_StandortHoehe	UINT				False												HMIDT542+HMIG3U	CControl_Lite	False	="416474"	False	False										Direct									Direct									Direct									Direct									Direct			None		
Variable	CControl_Lite_Para_Tarifabschaltung_Start_Std	UINT				False												HMIDT542+HMIG3U	CControl_Lite	False	="416475"	False	False										Direct									Direct									Direct									Direct									Direct			None		
Variable	CControl_Lite_Para_Tarifabschaltung_Start_Min	UINT				False												HMIDT542+HMIG3U	CControl_Lite	False	="416476"	False	False										Direct									Direct									Direct									Direct									Direct			None		
Variable	CControl_Lite_Para_Tarifabschaltung_Stopp_Std	UINT				False												HMIDT542+HMIG3U	CControl_Lite	False	="416477"	False	False										Direct									Direct									Direct									Direct									Direct			None		
Variable	CControl_Lite_Para_Tarifabschaltung_Stopp_Min	UINT				False												HMIDT542+HMIG3U	CControl_Lite	False	="416478"	False	False										Direct									Direct									Direct									Direct									Direct			None		
Variable	CControl_Lite_Para_Boxen_1_Trockengut	UINT				False												HMIDT542+HMIG3U	CControl_Lite	False	="416479"	False	False										Direct									Direct									Direct									Direct									Direct			None		
Variable	CControl_Lite_Para_Boxen_2_Trockengut	UINT				False												HMIDT542+HMIG3U	CControl_Lite	False	="416480"	False	False										Direct									Direct									Direct									Direct									Direct			None		
Variable	CControl_Lite_Para_Boxen_1_SchlechtwetterSensorGrenzwert	INT				False												HMIDT542+HMIG3U	CControl_Lite	False	="416481"	False	False										Direct									Direct									Direct									Direct									Direct			None		
Variable	CControl_Lite_Para_Boxen_2_SchlechtwetterSensorGrenzwert	INT				False												HMIDT542+HMIG3U	CControl_Lite	False	="416482"	False	False										Direct									Direct									Direct									Direct									Direct			None		
Variable	CControl_Lite_Par_Heizregister_LeistungMin	REAL				False												HMIDT542+HMIG3U	CControl_Lite	False	="416483"	False	False										Direct									Direct									Direct									Direct									Direct			None		
Variable	CControl_Lite_Par_Heizregister_LeistungMax	REAL				False												HMIDT542+HMIG3U	CControl_Lite	False	="416485"	False	False										Direct									Direct									Direct									Direct									Direct			None		
Variable	CControl_Lite_Par_Heizregister_Hyst	REAL				False												HMIDT542+HMIG3U	CControl_Lite	False	="416487"	False	False										Direct									Direct									Direct									Direct									Direct			None		
Variable	CControl_Lite_Par_Heizregister_FeuchteSoll	REAL				False												HMIDT542+HMIG3U	CControl_Lite	False	="416489"	False	False										Direct									Direct									Direct									Direct									Direct			None		
Variable	CControl_Lite_Par_Heizregister_TrockenluftTempSoll	REAL				False												HMIDT542+HMIG3U	CControl_Lite	False	="416491"	False	False										Direct									Direct									Direct									Direct									Direct			None		
Variable	CControl_Lite_Par_Heizregister_P	REAL				False												HMIDT542+HMIG3U	CControl_Lite	False	="416493"	False	False										Direct									Direct									Direct									Direct									Direct			None		
Variable	CControl_Lite_Par_Heizregister_I	REAL				False												HMIDT542+HMIG3U	CControl_Lite	False	="416495"	False	False										Direct									Direct									Direct									Direct									Direct			None		
Variable	CControl_Lite_Par_Heizregister_D	REAL				False												HMIDT542+HMIG3U	CControl_Lite	False	="416497"	False	False										Direct									Direct									Direct									Direct									Direct			None		
Variable	CControl_Lite_Par_Heizregister_rRes1	REAL				False												HMIDT542+HMIG3U	CControl_Lite	False	="416499"	False	False										Direct									Direct									Direct									Direct									Direct			None		
Variable	CControl_Lite_Par_Heizregister_rRes2	REAL				False												HMIDT542+HMIG3U	CControl_Lite	False	="416501"	False	False										Direct									Direct									Direct									Direct									Direct			None		
Variable	CControl_Lite_Par_Heizregister_AutomatikbetriebEin	BOOL				False												HMIDT542+HMIG3U	CControl_Lite	False	="416503,00"	False	False										Direct									Direct									Direct									Direct									Direct			None		
Variable	CControl_Lite_Par_Heizregister_DauerbetriebEin	BOOL				False												HMIDT542+HMIG3U	CControl_Lite	False	="416504,00"	False	False										Direct									Direct									Direct									Direct									Direct			None		
Variable	CControl_Lite_Par_Heizregister_xRes1	BOOL				False												HMIDT542+HMIG3U	CControl_Lite	False	="416505,00"	False	False										Direct									Direct									Direct									Direct									Direct			None		
Variable	CControl_Lite_Par_Heizregister_xRes2	BOOL				False												HMIDT542+HMIG3U	CControl_Lite	False	="416506,00"	False	False										Direct									Direct									Direct									Direct									Direct			None		
Variable	CControl_Lite_Par_Entfeuchter_FeuchteEinschalt	REAL				False												HMIDT542+HMIG3U	CControl_Lite	False	="416507"	False	False										Direct									Direct									Direct									Direct									Direct			None		
Variable	CControl_Lite_Par_Entfeuchter_FeuchteAusschalt	REAL				False												HMIDT542+HMIG3U	CControl_Lite	False	="416509"	False	False										Direct									Direct									Direct									Direct									Direct			None		
Variable	CControl_Lite_Par_Entfeuchter_rRes1	REAL				False												HMIDT542+HMIG3U	CControl_Lite	False	="416511"	False	False										Direct									Direct									Direct									Direct									Direct			None		
Variable	CControl_Lite_Par_Entfeuchter_rRes2	REAL				False												HMIDT542+HMIG3U	CControl_Lite	False	="416513"	False	False										Direct									Direct									Direct									Direct									Direct			None		
Variable	CControl_Lite_Par_Entfeuchter_DauerbetriebEin	BOOL				False												HMIDT542+HMIG3U	CControl_Lite	False	="416515,00"	False	False										Direct									Direct									Direct									Direct									Direct			None		
Variable	CControl_Lite_Par_Entfeuchter_AutomatikbetriebEin	BOOL				False												HMIDT542+HMIG3U	CControl_Lite	False	="416516,00"	False	False										Direct									Direct									Direct									Direct									Direct			None		
Variable	CControl_Lite_Par_Entfeuchter_Einschaltverz	UDINT				False												HMIDT542+HMIG3U	CControl_Lite	False	="416517"	False	False										Direct									Direct									Direct									Direct									Direct			None		
Variable	CControl_Lite_Par_Entfeuchter_Ausschaltverz	UDINT				False												HMIDT542+HMIG3U	CControl_Lite	False	="416519"	False	False										Direct									Direct									Direct									Direct									Direct			None		
Variable	CControl_Lite_Ausstattung_Luftaufbereiter_Typ	SINT				False												HMIDT542+HMIG3U	CControl_Lite	False	="416521"	False	False										Direct									Direct									Direct									Direct									Direct			None		
Variable	CControl_Lite_Sensoren_FilterzeitTrockenluft	UINT				False												HMIDT542+HMIG3U	CControl_Lite	False	="416522"	False	False										Direct									Direct									Direct									Direct									Direct			None		
Variable	CControl_Lite_Sensoren_FilterzeitStocktemp	UINT				False												HMIDT542+HMIG3U	CControl_Lite	False	="416524"	False	False										Direct									Direct									Direct									Direct									Direct			None		
Variable	CControl_Lite_Sensoren_StockTempMessberMin	REAL				False												HMIDT542+HMIG3U	CControl_Lite	False	="416526"	False	False										Direct									Direct									Direct									Direct									Direct			None		
Variable	CControl_Lite_Sensoren_StockTempMessberMax	REAL				False												HMIDT542+HMIG3U	CControl_Lite	False	="416528"	False	False										Direct									Direct									Direct									Direct									Direct			None		
Variable	CControl_Lite_HMI_TEST_doFrgLuftaufber	BOOL				False												HMIDT542+HMIG3U	CControl_Lite	False	="408960,00"	False	False										Direct									Direct									Direct									Direct									Direct			None		
Variable	CControl_Lite_HMI_TEST_doFrgBox1	BOOL				False												HMIDT542+HMIG3U	CControl_Lite	False	="408961,00"	False	False										Direct									Direct									Direct									Direct									Direct			None		
Variable	CControl_Lite_HMI_TEST_doFrgBox2	BOOL				False												HMIDT542+HMIG3U	CControl_Lite	False	="408962,00"	False	False										Direct									Direct									Direct									Direct									Direct			None		
Variable	CControl_Lite_HMI_TEST_doFrgAbluftventilator	BOOL				False												HMIDT542+HMIG3U	CControl_Lite	False	="408963,00"	False	False										Direct									Direct									Direct									Direct									Direct			None		
Variable	CControl_Lite_HMI_TEST_diBox1Offen	BOOL				False												HMIDT542+HMIG3U	CControl_Lite	False	="408964,00"	False	False										Direct									Direct									Direct									Direct									Direct			None		
Variable	CControl_Lite_HMI_TEST_diBox1Geschl	BOOL				False												HMIDT542+HMIG3U	CControl_Lite	False	="408965,00"	False	False										Direct									Direct									Direct									Direct									Direct			None		
Variable	CControl_Lite_HMI_TEST_diBox2Offen	BOOL				False												HMIDT542+HMIG3U	CControl_Lite	False	="408966,00"	False	False										Direct									Direct									Direct									Direct									Direct			None		
Variable	CControl_Lite_HMI_TEST_diBox2Geschl	BOOL				False												HMIDT542+HMIG3U	CControl_Lite	False	="408967,00"	False	False										Direct									Direct									Direct									Direct									Direct			None		
Variable	CControl_Lite_HMI_TEST_diBetriebLuftaufber	BOOL				False												HMIDT542+HMIG3U	CControl_Lite	False	="408968,00"	False	False										Direct									Direct									Direct									Direct									Direct			None		
Variable	CControl_Lite_HMI_TEST_diBetriebVentilator	BOOL				False												HMIDT542+HMIG3U	CControl_Lite	False	="408969,00"	False	False										Direct									Direct									Direct									Direct									Direct			None		
Variable	CControl_Lite_HMI_TEST_di3	BOOL				False												HMIDT542+HMIG3U	CControl_Lite	False	="408970,00"	False	False										Direct									Direct									Direct									Direct									Direct			None		
Variable	CControl_Lite_HMI_TEST_di4	BOOL				False												HMIDT542+HMIG3U	CControl_Lite	False	="408971,00"	False	False										Direct									Direct									Direct									Direct									Direct			None		
Variable	CControl_Lite_HMI_TEST_diIoTestAktiv	BOOL				False												HMIDT542+HMIG3U	CControl_Lite	False	="408972,00"	False	False										Direct									Direct									Direct									Direct									Direct			None		
Variable	CControl_Lite_HMI_TEST_doIoTestAktivieren	BOOL				False												HMIDT542+HMIG3U	CControl_Lite	False	="408973,00"	False	False										Direct									Direct									Direct									Direct									Direct			None		
Variable	CControl_Lite_HMI_TEST_doFrgVentilator	BOOL				False												HMIDT542+HMIG3U	CControl_Lite	False	="408974,00"	False	False										Direct									Direct									Direct									Direct									Direct			None		
Variable	CControl_Lite_HMI_TEST_do3	BOOL				False												HMIDT542+HMIG3U	CControl_Lite	False	="408975,00"	False	False										Direct									Direct									Direct									Direct									Direct			None		
Variable	CControl_Lite_HMI_TEST_do4	BOOL				False												HMIDT542+HMIG3U	CControl_Lite	False	="408976,00"	False	False										Direct									Direct									Direct									Direct									Direct			None		
Variable	CControl_Lite_HMI_TEST_do5	BOOL				False												HMIDT542+HMIG3U	CControl_Lite	False	="408977,00"	False	False										Direct									Direct									Direct									Direct									Direct			None		
Variable	CControl_Lite_HMI_IN_diBox1Offen	BOOL				False												HMIDT542+HMIG3U	CControl_Lite	False	="408978,00"	False	False										Direct									Direct									Direct									Direct									Direct			None		
Variable	CControl_Lite_HMI_IN_diBox1Geschl	BOOL				False												HMIDT542+HMIG3U	CControl_Lite	False	="408979,00"	False	False										Direct									Direct									Direct									Direct									Direct			None		
Variable	CControl_Lite_HMI_IN_diBox2Offen	BOOL				False												HMIDT542+HMIG3U	CControl_Lite	False	="408980,00"	False	False										Direct									Direct									Direct									Direct									Direct			None		
Variable	CControl_Lite_HMI_IN_diBox2Geschl	BOOL				False												HMIDT542+HMIG3U	CControl_Lite	False	="408981,00"	False	False										Direct									Direct									Direct									Direct									Direct			None		
Variable	CControl_Lite_HMI_IN_diBetriebLuftaufber	BOOL				False												HMIDT542+HMIG3U	CControl_Lite	False	="408982,00"	False	False										Direct									Direct									Direct									Direct									Direct			None		
Variable	CControl_Lite_HMI_IN_diBetriebVentilator	BOOL				False												HMIDT542+HMIG3U	CControl_Lite	False	="408983,00"	False	False										Direct									Direct									Direct									Direct									Direct			None		
Variable	CControl_Lite_HMI_IN_doFrgLuftaufber	BOOL				False												HMIDT542+HMIG3U	CControl_Lite	False	="408984,00"	False	False										Direct									Direct									Direct									Direct									Direct			None		
Variable	CControl_Lite_HMI_IN_doFrgBox1	BOOL				False												HMIDT542+HMIG3U	CControl_Lite	False	="408985,00"	False	False										Direct									Direct									Direct									Direct									Direct			None		
Variable	CControl_Lite_HMI_IN_doFrgBox2	BOOL				False												HMIDT542+HMIG3U	CControl_Lite	False	="408986,00"	False	False										Direct									Direct									Direct									Direct									Direct			None		
Variable	CControl_Lite_HMI_IN_doFrgAbluftvent	BOOL				False												HMIDT542+HMIG3U	CControl_Lite	False	="408987,00"	False	False										Direct									Direct									Direct									Direct									Direct			None		
Variable	CControl_Lite_HMI_IN_doFrgVentilator	BOOL				False												HMIDT542+HMIG3U	CControl_Lite	False	="408988,00"	False	False										Direct									Direct									Direct									Direct									Direct			None		
Variable	CControl_Lite_HMI_IN_diQuitErr	BOOL				False												HMIDT542+HMIG3U	CControl_Lite	False	="408989,00"	False	False										Direct									Direct									Direct									Direct									Direct			None		
Variable	CControl_Lite_HMI_IN_3	BOOL				False												HMIDT542+HMIG3U	CControl_Lite	False	="408990,00"	False	False										Direct									Direct									Direct									Direct									Direct			None		
Variable	CControl_Lite_HMI_IN_4	BOOL				False												HMIDT542+HMIG3U	CControl_Lite	False	="408991,00"	False	False										Direct									Direct									Direct									Direct									Direct			None		
Variable	CControl_Lite_HMI_IN_5	BOOL				False												HMIDT542+HMIG3U	CControl_Lite	False	="408992,00"	False	False										Direct									Direct									Direct									Direct									Direct			None		
Variable	CControl_Lite_HMI_IN_6	BOOL				False												HMIDT542+HMIG3U	CControl_Lite	False	="408993,00"	False	False										Direct									Direct									Direct									Direct									Direct			None		
Variable	CControl_Lite_HMI_IN_7	BOOL				False												HMIDT542+HMIG3U	CControl_Lite	False	="408994,00"	False	False										Direct									Direct									Direct									Direct									Direct			None		
Variable	CControl_Lite_HMI_IN_8	BOOL				False												HMIDT542+HMIG3U	CControl_Lite	False	="408995,00"	False	False										Direct									Direct									Direct									Direct									Direct			None		
Variable	CControl_Lite_HMI_IN_9	BOOL				False												HMIDT542+HMIG3U	CControl_Lite	False	="408996,00"	False	False										Direct									Direct									Direct									Direct									Direct			None		
Variable	CControl_Lite_HMI_IN_10	BOOL				False												HMIDT542+HMIG3U	CControl_Lite	False	="408997,00"	False	False										Direct									Direct									Direct									Direct									Direct			None		
Variable	CControl_Lite_HMI_IN_11	BOOL				False												HMIDT542+HMIG3U	CControl_Lite	False	="408998,00"	False	False										Direct									Direct									Direct									Direct									Direct			None		
Variable	CControl_Lite_HMI_IN_12	BOOL				False												HMIDT542+HMIG3U	CControl_Lite	False	="408999,00"	False	False										Direct									Direct									Direct									Direct									Direct			None		
Variable	CControl_Lite_HMI_IN_13	BOOL				False												HMIDT542+HMIG3U	CControl_Lite	False	="409000,00"	False	False										Direct									Direct									Direct									Direct									Direct			None		
Variable	CControl_Lite_HMI_IN_14	BOOL				False												HMIDT542+HMIG3U	CControl_Lite	False	="409001,00"	False	False										Direct									Direct									Direct									Direct									Direct			None		
Variable	CControl_Lite_HMI_IN_15	BOOL				False												HMIDT542+HMIG3U	CControl_Lite	False	="409002,00"	False	False										Direct									Direct									Direct									Direct									Direct			None		
Variable	CControl_Lite_HMI_IN_17	BOOL				False												HMIDT542+HMIG3U	CControl_Lite	False	="409003,00"	False	False										Direct									Direct									Direct									Direct									Direct			None		
Variable	CControl_Lite_HMI_IN_18	BOOL				False												HMIDT542+HMIG3U	CControl_Lite	False	="409004,00"	False	False										Direct									Direct									Direct									Direct									Direct			None		
Variable	CControl_Lite_HMI_IN_19	BOOL				False												HMIDT542+HMIG3U	CControl_Lite	False	="409005,00"	False	False										Direct									Direct									Direct									Direct									Direct			None		
Variable	CControl_Lite_HMI_IN_20	BOOL				False												HMIDT542+HMIG3U	CControl_Lite	False	="409006,00"	False	False										Direct									Direct									Direct									Direct									Direct			None		
Variable	CControl_Lite_HMI_IN_aiFrischluftTemp	REAL				False												HMIDT542+HMIG3U	CControl_Lite	False	="409007"	False	False										Direct									Direct									Direct									Direct									Direct			None		
Variable	CControl_Lite_HMI_IN_aiFrischluftFeuchte	REAL				False												HMIDT542+HMIG3U	CControl_Lite	False	="409009"	False	False										Direct									Direct									Direct									Direct									Direct			None		
Variable	CControl_Lite_HMI_IN_aiAbluftBox1Temp	REAL				False												HMIDT542+HMIG3U	CControl_Lite	False	="409011"	False	False										Direct									Direct									Direct									Direct									Direct			None		
Variable	CControl_Lite_HMI_IN_aiAbluftBox1Feuchte	REAL				False												HMIDT542+HMIG3U	CControl_Lite	False	="409013"	False	False										Direct									Direct									Direct									Direct									Direct			None		
Variable	CControl_Lite_HMI_IN_aiTrockenluftTemp	REAL				False												HMIDT542+HMIG3U	CControl_Lite	False	="409015"	False	False										Direct									Direct									Direct									Direct									Direct			None		
Variable	CControl_Lite_HMI_IN_aiTrockenluftFeuchte	REAL				False												HMIDT542+HMIG3U	CControl_Lite	False	="409017"	False	False										Direct									Direct									Direct									Direct									Direct			None		
Variable	CControl_Lite_HMI_IN_aiAbluftBox2Temp	REAL				False												HMIDT542+HMIG3U	CControl_Lite	False	="409019"	False	False										Direct									Direct									Direct									Direct									Direct			None		
Variable	CControl_Lite_HMI_IN_aiAbluftBox2Feuchte	REAL				False												HMIDT542+HMIG3U	CControl_Lite	False	="409021"	False	False										Direct									Direct									Direct									Direct									Direct			None		
Variable	CControl_Lite_HMI_IN_aiStockTemp	REAL				False												HMIDT542+HMIG3U	CControl_Lite	False	="409023"	False	False										Direct									Direct									Direct									Direct									Direct			None		
Variable	CControl_Lite_HMI_IN_aoFuVentilator	REAL				False												HMIDT542+HMIG3U	CControl_Lite	False	="409025"	False	False										Direct									Direct									Direct									Direct									Direct			None		
Variable	CControl_Lite_HMI_IN_aoLeistVorgLuftaufber	REAL				False												HMIDT542+HMIG3U	CControl_Lite	False	="409027"	False	False										Direct									Direct									Direct									Direct									Direct			None		
Variable	CControl_Lite_HMI_IN_ai3	REAL				False												HMIDT542+HMIG3U	CControl_Lite	False	="409029"	False	False										Direct									Direct									Direct									Direct									Direct			None		
Variable	CControl_Lite_HMI_IN_ai4	REAL				False												HMIDT542+HMIG3U	CControl_Lite	False	="409031"	False	False										Direct									Direct									Direct									Direct									Direct			None		
Variable	CControl_Lite_HMI_IN_ai5	REAL				False												HMIDT542+HMIG3U	CControl_Lite	False	="409033"	False	False										Direct									Direct									Direct									Direct									Direct			None		
Variable	CControl_Lite_HMI_TEST_aoFuVentilator	REAL				False												HMIDT542+HMIG3U	CControl_Lite	False	="409035"	False	False										Direct									Direct									Direct									Direct									Direct			None		
Variable	CControl_Lite_HMI_TEST_aoLeistVorgLuftaufber	REAL				False												HMIDT542+HMIG3U	CControl_Lite	False	="409037"	False	False										Direct									Direct									Direct									Direct									Direct			None		
Variable	CControl_Lite_HMI_TEST_ao1	REAL				False												HMIDT542+HMIG3U	CControl_Lite	False	="409039"	False	False										Direct									Direct									Direct									Direct									Direct			None		
Variable	CControl_Lite_HMI_TEST_ao2	REAL				False												HMIDT542+HMIG3U	CControl_Lite	False	="409041"	False	False										Direct									Direct									Direct									Direct									Direct			None		
Variable	CControl_Lite_HMI_TEST_ao3	REAL				False												HMIDT542+HMIG3U	CControl_Lite	False	="409043"	False	False										Direct									Direct									Direct									Direct									Direct			None		
Variable	CControl_Lite_HMI_TEST_aiFrischluftTemp	REAL				False												HMIDT542+HMIG3U	CControl_Lite	False	="409045"	False	False										Direct									Direct									Direct									Direct									Direct			None		
Variable	CControl_Lite_HMI_TEST_aiFrischluftFeuchte	REAL				False												HMIDT542+HMIG3U	CControl_Lite	False	="409047"	False	False										Direct									Direct									Direct									Direct									Direct			None		
Variable	CControl_Lite_HMI_TEST_aiAbluftBox1Temp	REAL				False												HMIDT542+HMIG3U	CControl_Lite	False	="409049"	False	False										Direct									Direct									Direct									Direct									Direct			None		
Variable	CControl_Lite_HMI_TEST_aiAbluftBox1Feuchte	REAL				False												HMIDT542+HMIG3U	CControl_Lite	False	="409051"	False	False										Direct									Direct									Direct									Direct									Direct			None		
Variable	CControl_Lite_HMI_TEST_aiTrockenluftTemp	REAL				False												HMIDT542+HMIG3U	CControl_Lite	False	="409053"	False	False										Direct									Direct									Direct									Direct									Direct			None		
Variable	CControl_Lite_HMI_TEST_aiTrockenluftFeuchte	REAL				False												HMIDT542+HMIG3U	CControl_Lite	False	="409055"	False	False										Direct									Direct									Direct									Direct									Direct			None		
Variable	CControl_Lite_HMI_TEST_aiAbluftBox2Temp	REAL				False												HMIDT542+HMIG3U	CControl_Lite	False	="409057"	False	False										Direct									Direct									Direct									Direct									Direct			None		
Variable	CControl_Lite_HMI_TEST_aiAbluftBox2Feuchte	REAL				False												HMIDT542+HMIG3U	CControl_Lite	False	="409059"	False	False										Direct									Direct									Direct									Direct									Direct			None		
Variable	CControl_Lite_HMI_TEST_aiStocktemp	REAL				False												HMIDT542+HMIG3U	CControl_Lite	False	="409061"	False	False										Direct									Direct									Direct									Direct									Direct			None		
Variable	CControl_Lite_HMI_ALARM_	BOOL				False												HMIDT542+HMIG3U	CControl_Lite	False	="409063,00"	False	False										Direct									Direct									Direct									Direct									Direct			None		
Variable	CControl_Lite_HMI_Allgemein_Entfeuchter	UINT				False												HMIDT542+HMIG3U	CControl_Lite	False	="409064"	False	False										Direct									Direct									Direct									Direct									Direct			None		
Variable	CControl_Lite_HMI_Zusatzmeldung_Statustext	UINT				False												HMIDT542+HMIG3U	CControl_Lite	False	="409065"	False	False										Direct									Direct									Direct									Direct									Direct			None		
Variable	CControl_Lite_HMI_Zusatzmeldung_Sanduhr	UINT				False												HMIDT542+HMIG3U	CControl_Lite	False	="409066"	False	False										Direct									Direct									Direct									Direct									Direct			None		
Variable	CControl_Lite_HMI_Zusatzmeldung_Restzeit	UINT				False												HMIDT542+HMIG3U	CControl_Lite	False	="409067"	False	False										Direct									Direct									Direct									Direct									Direct			None		
Variable	CControl_Lite_HMI_Ventilator1_FarbeIcon	UINT				False												HMIDT542+HMIG3U	CControl_Lite	False	="409068"	False	False										Direct									Direct									Direct									Direct									Direct			None		
Variable	CControl_Lite_HMI_Ventilator1_IstDrehzahl	UINT				False												HMIDT542+HMIG3U	CControl_Lite	False	="409069"	False	False										Direct									Direct									Direct									Direct									Direct			None		